BEGIN TRANSACTION;
INSERT INTO `Rotazione` (idFamiglia,idFamigliaRot) VALUES (1,4);
INSERT INTO `Rotazione` (idFamiglia,idFamigliaRot) VALUES (1,5);
INSERT INTO `Rotazione` (idFamiglia,idFamigliaRot) VALUES (1,6);
INSERT INTO `Rotazione` (idFamiglia,idFamigliaRot) VALUES (1,7);
INSERT INTO `Rotazione` (idFamiglia,idFamigliaRot) VALUES (1,8);
INSERT INTO `Rotazione` (idFamiglia,idFamigliaRot) VALUES (1,9);
INSERT INTO `Rotazione` (idFamiglia,idFamigliaRot) VALUES (2,1);
INSERT INTO `Rotazione` (idFamiglia,idFamigliaRot) VALUES (2,4);
INSERT INTO `Rotazione` (idFamiglia,idFamigliaRot) VALUES (2,5);
INSERT INTO `Rotazione` (idFamiglia,idFamigliaRot) VALUES (2,6);
INSERT INTO `Rotazione` (idFamiglia,idFamigliaRot) VALUES (2,8);
INSERT INTO `Rotazione` (idFamiglia,idFamigliaRot) VALUES (2,9);
INSERT INTO `Rotazione` (idFamiglia,idFamigliaRot) VALUES (3,1);
INSERT INTO `Rotazione` (idFamiglia,idFamigliaRot) VALUES (3,4);
INSERT INTO `Rotazione` (idFamiglia,idFamigliaRot) VALUES (3,5);
INSERT INTO `Rotazione` (idFamiglia,idFamigliaRot) VALUES (3,6);
INSERT INTO `Rotazione` (idFamiglia,idFamigliaRot) VALUES (3,8);
INSERT INTO `Rotazione` (idFamiglia,idFamigliaRot) VALUES (3,9);
INSERT INTO `Rotazione` (idFamiglia,idFamigliaRot) VALUES (4,1);
INSERT INTO `Rotazione` (idFamiglia,idFamigliaRot) VALUES (4,5);
INSERT INTO `Rotazione` (idFamiglia,idFamigliaRot) VALUES (4,6);
INSERT INTO `Rotazione` (idFamiglia,idFamigliaRot) VALUES (4,7);
INSERT INTO `Rotazione` (idFamiglia,idFamigliaRot) VALUES (4,8);
INSERT INTO `Rotazione` (idFamiglia,idFamigliaRot) VALUES (4,9);
INSERT INTO `Rotazione` (idFamiglia,idFamigliaRot) VALUES (5,1);
INSERT INTO `Rotazione` (idFamiglia,idFamigliaRot) VALUES (5,4);
INSERT INTO `Rotazione` (idFamiglia,idFamigliaRot) VALUES (5,6);
INSERT INTO `Rotazione` (idFamiglia,idFamigliaRot) VALUES (5,7);
INSERT INTO `Rotazione` (idFamiglia,idFamigliaRot) VALUES (5,8);
INSERT INTO `Rotazione` (idFamiglia,idFamigliaRot) VALUES (5,9);
INSERT INTO `Rotazione` (idFamiglia,idFamigliaRot) VALUES (6,7);
INSERT INTO `Rotazione` (idFamiglia,idFamigliaRot) VALUES (6,8);
INSERT INTO `Rotazione` (idFamiglia,idFamigliaRot) VALUES (7,10);
INSERT INTO `Rotazione` (idFamiglia,idFamigliaRot) VALUES (8,7);
INSERT INTO `Rotazione` (idFamiglia,idFamigliaRot) VALUES (8,10);
INSERT INTO `Rotazione` (idFamiglia,idFamigliaRot) VALUES (9,7);
INSERT INTO `Rotazione` (idFamiglia,idFamigliaRot) VALUES (9,8);
INSERT INTO `Rotazione` (idFamiglia,idFamigliaRot) VALUES (10,1);
INSERT INTO `Rotazione` (idFamiglia,idFamigliaRot) VALUES (10,2);
INSERT INTO `Rotazione` (idFamiglia,idFamigliaRot) VALUES (10,3);
INSERT INTO `Rotazione` (idFamiglia,idFamigliaRot) VALUES (10,4);
INSERT INTO `Rotazione` (idFamiglia,idFamigliaRot) VALUES (10,5);
INSERT INTO `Masseria` (id,nome) VALUES (1,'Villetta Emilia');
INSERT INTO `Masseria` (id,nome) VALUES (2,'Masseria Parco D''Ottavio');
INSERT INTO `Masseria` (id,nome) VALUES (3,'Casino del Conte');
INSERT INTO `Masseria` (id,nome) VALUES (4,'Masseria Gigante');
INSERT INTO `Famiglia` (id,nome) VALUES (1,'Solanacee');
INSERT INTO `Famiglia` (id,nome) VALUES (2,'Cucurbitacee');
INSERT INTO `Famiglia` (id,nome) VALUES (3,'Asteraceae');
INSERT INTO `Famiglia` (id,nome) VALUES (4,'Liliaceae');
INSERT INTO `Famiglia` (id,nome) VALUES (5,'Brassicacee');
INSERT INTO `Famiglia` (id,nome) VALUES (6,'Compositae');
INSERT INTO `Famiglia` (id,nome) VALUES (7,'Chenopodiaceae');
INSERT INTO `Famiglia` (id,nome) VALUES (8,'Apiaceae');
INSERT INTO `Famiglia` (id,nome) VALUES (9,'Rosacee');
INSERT INTO `Famiglia` (id,nome) VALUES (10,'Leguminose');
INSERT INTO `Coltura` (id,nome,idFamiglia) VALUES (1,'Patata',1);
INSERT INTO `Coltura` (id,nome,idFamiglia) VALUES (2,'Pomodoro',1);
INSERT INTO `Coltura` (id,nome,idFamiglia) VALUES (3,'Melanzana',1);
INSERT INTO `Coltura` (id,nome,idFamiglia) VALUES (4,'Peperone',1);
INSERT INTO `Coltura` (id,nome,idFamiglia) VALUES (5,'Cocomero',2);
INSERT INTO `Coltura` (id,nome,idFamiglia) VALUES (6,'Melone',2);
INSERT INTO `Coltura` (id,nome,idFamiglia) VALUES (7,'Cetriolo',2);
INSERT INTO `Coltura` (id,nome,idFamiglia) VALUES (8,'Zucchina',2);
INSERT INTO `Coltura` (id,nome,idFamiglia) VALUES (9,'Zucca',2);
INSERT INTO `Coltura` (id,nome,idFamiglia) VALUES (10,'Fragola',9);
INSERT INTO `Coltura` (id,nome,idFamiglia) VALUES (11,'Carciofo',3);
INSERT INTO `Coltura` (id,nome,idFamiglia) VALUES (12,'Aglio',4);
INSERT INTO `Coltura` (id,nome,idFamiglia) VALUES (13,'Porro',4);
INSERT INTO `Coltura` (id,nome,idFamiglia) VALUES (14,'Cavolo',5);
INSERT INTO `Coltura` (id,nome,idFamiglia) VALUES (15,'Cavolfiore',5);
INSERT INTO `Coltura` (id,nome,idFamiglia) VALUES (16,'Cavolo Bruxelles',5);
INSERT INTO `Coltura` (id,nome,idFamiglia) VALUES (17,'Lattuga',6);
INSERT INTO `Coltura` (id,nome,idFamiglia) VALUES (18,'Indivia',6);
INSERT INTO `Coltura` (id,nome,idFamiglia) VALUES (19,'Radicchio',6);
INSERT INTO `Coltura` (id,nome,idFamiglia) VALUES (20,'Bietola',7);
INSERT INTO `Coltura` (id,nome,idFamiglia) VALUES (21,'Spinacio',7);
INSERT INTO `Coltura` (id,nome,idFamiglia) VALUES (22,'Carota',8);
INSERT INTO `Coltura` (id,nome,idFamiglia) VALUES (23,'Finocchio',8);
INSERT INTO `Coltura` (id,nome,idFamiglia) VALUES (24,'Cipolla',4);
INSERT INTO `Coltura` (id,nome,idFamiglia) VALUES (25,'Scalogno',4);
INSERT INTO `Coltura` (id,nome,idFamiglia) VALUES (26,'Cicoria',3);
INSERT INTO `Coltura` (id,nome,idFamiglia) VALUES (27,'Brassica Rapa',5);
INSERT INTO `Coltura` (id,nome,idFamiglia) VALUES (28,'Ravanello',5);
INSERT INTO `Coltura` (id,nome,idFamiglia) VALUES (29,'Fave',10);
INSERT INTO `Coltura` (id,nome,idFamiglia) VALUES (30,'Piselli',10);
INSERT INTO `Appezzamento` (id,nome,dimensione,idMasseria) VALUES (1,'Villetta Retro Duplast',5.0,1);
INSERT INTO `Appezzamento` (id,nome,dimensione,idMasseria) VALUES (2,'Villetta Retro Pizzeria',4.5,1);
COMMIT;
